DATESTAMP,influent bod (mg/L),influent flow (mgd),max influent flow (mgd),influent tss (mg/L),influent salinity (mg/L),influent sulfide (mg/L),rainfall (inches)
7/27/2021,110,,,224,,,0.56
7/28/2021,,,,,,0,0
7/29/2021,,1.37,1.89,,,,0.1
7/30/2021,,1.36,2.06,,,0,0
7/31/2021,,1.23,1.85,,,,0
8/1/2021,,1.2,2.3,,,,0
8/2/2021,,1.07,2.21,,,,0
8/3/2021,230,0.97,1.54,268,,,0
8/4/2021,,1.47,3.41,,5.1,0.8,2.73
8/5/2021,,3.94,7.23,,,,0.44
8/6/2021,,3.19,4.52,,,0,0
8/7/2021,,2.19,2.88,,,,0
8/8/2021,,1.89,2.62,,,,0
8/9/2021,,1.88,2.85,,,,0.52
8/10/2021,99,1.92,2.41,159,,,0
8/11/2021,,1.73,2.49,,5,0,0
8/12/2021,,1.61,2.1,,,,0.1
8/13/2021,,1.51,2.11,,,,0
8/14/2021,,1.46,2.09,,,,0
8/15/2021,,1.37,2.37,,,,0
8/16/2021,,1.24,1.98,,,,0
8/17/2021,190,1.17,1.91,234,,,0
8/18/2021,,1.1,1.79,,,0,0
8/19/2021,,1.65,3.44,,,,0.5
8/20/2021,,2.46,3.23,,,,0
8/21/2021,,2.54,3.48,,,,0
8/22/2021,,2.97,4.5,,,,0.42
8/23/2021,,2.95,3.8,,,,0.59
8/24/2021,66,,,341,,,0
8/25/2021,,,,,,0,0
8/26/2021,,,,,,,0
8/27/2021,,,,,,,0
8/28/2021,,,,,,,0.03
8/29/2021,,,,,,,0
8/30/2021,,,,,,,0
8/31/2021,370,,,475,,,0
9/1/2021,,,,,3.2,1,4
9/2/2021,,,,,,,0
9/3/2021,,,,,,,0
9/4/2021,,,,,,,0
9/5/2021,,,,,,,0.12
9/6/2021,,,,,,,0
9/7/2021,99,,,194,,,0
9/8/2021,,,,,,,0.04
9/9/2021,,,,,,,0.65
9/10/2021,,,,,,0,0
9/11/2021,,1.5,2.3,,,,0
9/12/2021,,1.88,2.75,,,,0.12
9/13/2021,,1.78,2.35,,,,0.01
9/14/2021,470,1.71,2.56,674,,,0
9/15/2021,,1.54,2.44,,,0,0.3
9/16/2021,,0.89,2.1,,,,0.06
9/17/2021,,1.33,2.13,,,0,0
9/18/2021,,1.49,2.24,,,,0.17
9/19/2021,,1.69,2.85,,,,0
9/20/2021,,1.55,2.27,,,,0
9/21/2021,260,1.72,1.72,376,,,0
9/22/2021,,1.27,2.7,,,,0
9/23/2021,,1.12,2.7,,,,0
9/24/2021,,1.26,2.27,,,,0.02
9/25/2021,,1.59,2.82,,,,0
9/26/2021,,2.5,4.02,,,,0
9/27/2021,,2.1,2.67,,,,0
9/28/2021,110,2.05,2.77,125,,,0.32
9/29/2021,,1.93,2.29,,2.3,0,0
9/30/2021,,1.28,1.8,,,,0
10/1/2021,,1.59,2.2,,,,0
10/2/2021,,1.42,2.13,,,,0
10/3/2021,,1.13,2.18,,,,0.42
10/4/2021,,2,3.46,,,,1.18
10/5/2021,190,2.44,3.28,329,,,0
10/6/2021,,1.98,2.67,,,0,0
10/7/2021,,1.81,2.5,,,,0
10/8/2021,,1.76,2.58,,,,0
10/9/2021,,1.75,2.85,,,,0
10/10/2021,,1.56,2.51,,,,0
10/11/2021,,1.5,2.4,,,,0
10/12/2021,280,1.34,2.12,764,,,0
10/13/2021,,1.26,2.39,,,0,0
10/14/2021,,1.23,1.99,,,,0
10/15/2021,,1.16,1.78,,,,0
10/16/2021,,1.22,1.99,,,,0.96
10/17/2021,,1.64,2.59,,,,0
10/18/2021,,1.42,2.14,,,,0
10/19/2021,340,1.29,1.89,428,,,0
10/20/2021,,1.18,1.81,,3.5,3,0
10/21/2021,,1.18,2.43,,,,0
10/22/2021,,1.12,1.8,,,,0
10/23/2021,,1.1,2.2,,,,0
10/24/2021,,1.03,1.61,,,,0.36
10/25/2021,,1.19,2.1,,,,0.8
10/26/2021,130,2.63,6.17,205,,,2
10/27/2021,,4.36,6.15,,,,0.3
10/28/2021,,2.98,3.99,,,,0
10/29/2021,,2.17,2.92,,,,0.04
10/30/2021,,2.41,3.68,,,,1.72
10/31/2021,,3.31,4.46,,,,0
11/1/2021,,3.1,4.18,,,,0
11/2/2021,210,2.32,3.06,319,,,0
11/3/2021,,2.07,2.83,,2,0,0
11/4/2021,,1.39,2.42,,,,0
11/5/2021,,1.89,2.89,,,,0
11/6/2021,,1.78,2.89,,,,0
11/7/2021,,1.78,2.89,,,,0
11/8/2021,,1.67,2.59,,,,0
11/9/2021,210,1.48,2.15,418,,,0
11/10/2021,,1.44,2.15,,5.9,1,0
11/11/2021,,2.01,2.35,,,,0
11/12/2021,,1.68,2.66,,,,0.8
11/13/2021,,1.7,2.5,,,,0.31
11/14/2021,,2.13,2.71,,,,0.06
11/15/2021,,1.46,2.27,,,,0
11/16/2021,120,1.25,1.84,425,,,0
11/17/2021,,1.2,1.74,,2.2,0.4,0
11/18/2021,,1.28,1.85,,,,0.45
11/19/2021,,1.21,1.78,,,,0.28
11/20/2021,,1.19,1.86,,,,0
11/21/2021,,1.93,2.41,,,,0.26
11/22/2021,,1.28,1.93,,,,0.3
11/23/2021,70,1.24,1.77,,,,0
11/24/2021,,1.18,1.65,,3.7,6,0
11/25/2021,,1.18,2.49,,,,0
11/26/2021,,1.16,1.86,,,,0.27
11/27/2021,,1.1,2.1,,,,0
11/28/2021,,1.03,1.62,,,,0
11/29/2021,,1.02,1.51,,,,0
11/30/2021,,0.97,1.48,,,,0
12/1/2021,160,0.96,1.7,127,,,0
12/2/2021,,1.1,1.86,,,,0.07
12/3/2021,,1.04,2.06,,,,0
12/4/2021,,1.08,2.4,,,,0
12/5/2021,,1.14,2.34,,,,0
12/6/2021,,1.22,2.02,,,,0.25
12/7/2021,160,1.04,1.57,173,,,0
12/8/2021,,1.14,1.75,,7.4,0,0.17
12/9/2021,,1.11,1.68,,,,0
12/10/2021,,0.94,1.93,,,,0.1
12/11/2021,,1.06,2.58,,,,0.46
12/12/2021,,1.86,2.43,,,,0
12/13/2021,,1.25,1.85,,,,0
12/14/2021,220,0.89,1.52,203,,,0
12/15/2021,,0.83,1.37,,2.8,0,0.18
12/16/2021,,0.89,1.61,,,,0
12/17/2021,,0.84,1.69,,,,0
12/18/2021,,1.08,2.29,,,,0.95
12/19/2021,,1.64,3.09,,,,0.03
12/20/2021,,1.41,2.42,,,,0
12/21/2021,110,1.32,2.34,171,,,0
12/22/2021,,1.36,2.42,,2.8,0,0.07
12/23/2021,,1.3,2.17,,,,0
12/24/2021,,1.21,2.38,,,,0.02
12/25/2021,,1.28,2.36,,,,0.39
12/26/2021,,1.57,2.06,,,,0
12/27/2021,,1.42,2.25,,,,0.01
12/28/2021,200,1.41,2.55,197,,,0.06
12/29/2021,,1.37,2.46,,,,0
12/30/2021,,1.36,2.49,,8.8,0,0.6
12/31/2021,,1.46,2.32,,,,0
1/1/2022,,1.43,2.37,,,,0.33
1/2/2022,,2.08,3.38,,,,0
1/3/2022,,2.03,2.98,,,,0
1/4/2022,81,1.93,2.97,118,,,0
1/5/2022,,1.83,2.61,,7.7,0,0.15
1/6/2022,,1.91,2.5,,,,0.8
1/7/2022,,1.74,2.64,,,,0.63
1/8/2022,,1.85,2.55,,,,0.13
1/9/2022,,1.64,2.65,,,,0.02
1/10/2022,,1.81,2.78,,,,0
1/11/2022,110,1.61,2.79,154,,,0
1/12/2022,,1.66,2.2,,2.5,0,0
1/13/2022,,1.61,2.11,,,,0
1/14/2022,,1.72,2.43,,,,0
1/15/2022,,1.36,2.32,,,,0
1/16/2022,,1.17,2.31,,,,1.07
1/17/2022,,1.72,3.99,,,,1.17
1/18/2022,100,1.81,2.48,117,,,0
1/19/2022,,1.51,2.17,,,,0.15
1/20/2022,,1.48,2.16,,,,0.17
1/21/2022,,1.43,1.86,,2.5,0,0.03
1/22/2022,,1.4,1.85,,,,0
1/23/2022,,1.42,1.94,,,,0
1/24/2022,,1.33,2.31,,,,0.12
1/25/2022,170,1.28,2.23,140,,,0
1/26/2022,,1.22,1.5,,7,0,0
1/27/2022,,1.2,1.54,,,,0
1/28/2022,,1.22,1.61,,,,0.38
1/29/2022,,1.6,2.88,,,,1.65
1/30/2022,,2.13,4.14,,,,0.38
1/31/2022,,1.59,2.16,,,,0
2/1/2022,140,1.59,2.31,153,,,0
2/2/2022,,1.55,2.3,,,0,0
2/3/2022,,1.62,3.12,,,,0.8
2/4/2022,,2.57,4.66,,,,0.83
2/5/2022,,2.8,3.16,,,,0
2/6/2022,,2.42,2.84,,,,0
2/7/2022,,1.77,2.65,,,,1.02
2/8/2022,50,3.15,4.25,86,,,0.04
2/9/2022,,2.24,2.94,,2.2,0,0
2/10/2022,,2.01,2.58,,,,0.04
2/11/2022,,1.89,2.42,,,,0
2/12/2022,,1.95,2.61,,,,0
2/13/2022,,1.88,2.51,,,,0.9
2/14/2022,,1.77,2.35,,,,0.02
2/15/2022,94,1.51,1.93,99,,,0
2/16/2022,,1.38,2.11,,2.1,0,0
2/17/2022,,1.51,1.95,,,,0.72
2/18/2022,,2.46,3.57,,,,0.09
2/19/2022,,2.03,2.59,,,,0.06
2/20/2022,,1.67,2.16,,,,0
2/21/2022,,1.44,1.84,,,,0
2/22/2022,130,1.37,2,107,,,0.53
2/23/2022,,1.7,2.12,,4.4,0,0
2/24/2022,,1.38,1.97,,,,0.08
2/25/2022,,1.4,1.85,,,,0.72
2/26/2022,,2.12,3.9,,,,0
2/27/2022,,2.12,2.69,,,,0.03
2/28/2022,,1.33,1.77,,,,0
3/1/2022,130,1.28,1.75,142,,,0.24
3/2/2022,,1.54,2.32,,4.1,0,0
3/3/2022,,1.79,2.4,,,,0
3/4/2022,,1.64,1.96,,,,0
3/5/2022,,1.47,1.81,,,,0
3/6/2022,,1.51,2.01,,,,0
3/7/2022,,2.09,2.48,,,,0.01
3/8/2022,95,1.38,1.79,102,,,0
3/9/2022,,1.24,1.74,,2.7,0,0
3/10/2022,,1.33,2.49,,,,0
3/11/2022,,1.26,1.83,,,,0.01
3/12/2022,,1.44,2.37,,,,0.56
3/13/2022,,1.37,1.79,,,,0
3/14/2022,,1.6,2.42,,,,0
3/15/2022,150,1.35,2.06,216,,,0.07
3/16/2022,,1.27,2.02,,2.5,0,0
3/17/2022,,1.09,1.76,,,,0.13
3/18/2022,,1.29,2.35,,,,0
3/19/2022,,1.38,2.16,,,,0.28
3/20/2022,,1.49,2.04,,,,0
3/21/2022,,1.39,1.82,,,,0
3/22/2022,150,1.29,1.82,174,,,0
3/23/2022,,1.2,1.79,,7,0,0.41
3/24/2022,,1.42,1.98,,,,0.3
3/25/2022,,1.97,2.54,,,,0
3/26/2022,,1.76,2.53,,,,0.14
3/27/2022,,1.68,2.24,,,,0
3/28/2022,,1.52,2.14,,,,0.01
3/29/2022,130,1.39,1.93,132,,,0
3/30/2022,,1.32,1.86,,4.4,0,0
3/31/2022,,1.33,1.8,,,,0.15
4/1/2022,,1.68,2.23,,,,0.2
4/2/2022,,1.52,1.92,,,,0
4/3/2022,,1.47,1.95,,,,0.06
4/4/2022,,1.38,1.76,,,,0
4/5/2022,140,1.25,1.69,147,,,0
4/6/2022,,1.23,1.69,,,0,0.1
4/7/2022,,1.21,1.7,,5.2,,0.21
4/8/2022,,1.41,2.03,,,,0
4/9/2022,,1.32,1.9,,,,0.08
4/10/2022,,1.72,2.35,,,,0
4/11/2022,,1.15,1.68,,,,0.03
4/12/2022,200,1.18,1.88,231,,,0.06
4/13/2022,,1.11,5.45,,2.6,0,0
4/14/2022,,1.16,1.7,,,,0.09
4/15/2022,,1.22,3.31,,,,0
4/16/2022,,1.26,2.11,,,,0.56
4/17/2022,,1.41,1.89,,,,0
4/18/2022,,1.26,1.78,,,,1.34
4/19/2022,120,1.92,2.54,120,,,0.03
4/20/2022,,1.65,1.98,,7.6,0,0
4/21/2022,,1.41,1.78,,,,0
4/22/2022,,1.34,1.77,,,,0
4/23/2022,,1.29,1.79,,,,0
4/24/2022,,1.26,1.83,,,,0
4/25/2022,,1.16,4.18,,,,0
4/26/2022,140,1.12,2.22,173,,,0.3
4/27/2022,,1.24,2.34,,3.4,0,0.04
4/28/2022,,1.24,1.83,,,,0
4/29/2022,,1.19,1.47,,,,0
4/30/2022,,1.21,2.31,,,,0
5/1/2022,,1.2,2.34,,,,0
5/2/2022,,1.14,1.45,,,,0.2
5/3/2022,130,1.15,1.48,170,,,0
5/4/2022,,1.1,1.45,,3.8,0,0.12
5/5/2022,,1.08,1.65,,,,0
5/6/2022,,1.04,1.44,,,,0
5/7/2022,,1.09,1.43,,,,0
5/8/2022,,1.11,1.51,,,,0
5/9/2022,,1.09,2.28,,,,0
5/10/2022,99,1.1,1.87,203,,,0
5/11/2022,,1.02,1.82,,,0,0
5/12/2022,,0.91,1.37,,,,0
5/13/2022,,0.95,1.8,,,,0
5/14/2022,,0.97,1.8,,,,0.04
5/15/2022,,1.11,1.78,,,,0.01
5/16/2022,,1.21,1.87,,,,0.08
5/17/2022,120,1.46,4.32,175,,,0.01
5/18/2022,,1.22,2.05,,11.1,0,0.02
5/19/2022,,1.22,2.18,,,,0.06
5/20/2022,,1.19,1.55,,,,0.03
5/21/2022,,1.19,1.51,,,,0.04
5/22/2022,,1.19,2.11,,,,0
5/23/2022,,1.06,2.1,,,,0
5/24/2022,180,0.97,1.54,230,,,0
5/25/2022,,0.97,2.12,,6.5,0,0
5/26/2022,,0.93,1.45,,,,0
5/27/2022,,0.93,1.42,,,,0.15
5/28/2022,,1.01,1.49,,,,0.04
5/29/2022,,1.09,2.07,,,,0
5/30/2022,,1.04,1.53,,,,0
5/31/2022,180,0.96,1.4,204,,,0
6/1/2022,,0.91,1.17,,5.4,0.03,0.19
6/2/2022,,0.99,2.15,,,,0.03
6/3/2022,,0.92,1.26,,,,0.05
6/4/2022,,0.99,1.5,,,,0
6/5/2022,,0.92,1.8,,,,0
6/6/2022,,0.92,1.33,,,,0
6/7/2022,250,0.84,1.31,216,,,0.5
6/8/2022,,0.95,1.63,,6.8,0,0.12
6/9/2022,,1.12,2.22,,,,0.5
6/10/2022,,1.06,1.63,,,,0
6/11/2022,,1.03,2.17,,,,0
6/12/2022,,1.05,1.62,,,,0.16
6/13/2022,,1.15,1.65,,,,0
6/14/2022,140,1.15,1.67,179,,,0
6/15/2022,,1.25,2.1,,7,0,0
6/16/2022,,1.26,1.65,,,,0
6/17/2022,,1.23,1.57,,,,0.06
6/18/2022,,1.31,1.67,,,,0.14
6/19/2022,,1.27,1.68,,,,0.15
6/20/2022,,1.12,1.57,,,,0
6/21/2022,140,1.01,1.53,187,,,0
6/22/2022,,0.96,1.49,,9.5,0,0
6/23/2022,,0.93,1.48,,,,0
6/24/2022,,0.93,1.35,,,,0
6/25/2022,,0.93,3.79,,,,0
6/26/2022,,1,1.5,,,,0
6/27/2022,,1,1.51,,,,0.58
6/28/2022,150,0.98,1.44,245,,,0
6/29/2022,,0.98,1.67,,5.2,0,0
6/30/2022,,0.92,1.29,,,,0
7/1/2022,,0.99,1.42,,,,0.18
7/2/2022,,1.02,1.51,,,,0.02
7/3/2022,,1.06,1.7,,,,0
7/4/2022,,1.06,1.64,,,,0
7/5/2022,160,1.01,1.59,271,,,0.17
7/6/2022,,1.01,1.4,,5.9,0,0
7/7/2022,,0.92,1.46,,,,0
7/8/2022,,0.92,1.44,,,,0
7/9/2022,,0.94,1.42,,,,0
7/10/2022,,1.01,2.07,,,,0
7/11/2022,,0.99,1.58,,,,0
7/12/2022,170,1.02,1.61,221,,,0
7/13/2022,,1.17,2.01,,8.8,0,0.13
7/14/2022,,1.23,2.1,,,,0.04
7/15/2022,,1.22,2.04,,,,0
7/16/2022,,1.19,1.74,,,,0
7/17/2022,,1.22,1.72,,,,0
7/18/2022,,1.18,1.7,,,,0.81
7/19/2022,50,1.15,1.56,195,,0,0
7/20/2022,,1.04,1.48,,7.2,,0
7/21/2022,,0.98,1.44,,,,0
7/22/2022,,1.03,1.56,,,,0
7/23/2022,,1.01,1.46,,,,0
7/24/2022,,0.97,1.47,,,,0
7/25/2022,,1.04,1.52,,,,0
7/26/2022,190,0.94,1.4,198,,,0
7/27/2022,,0.94,1.41,,5.1,0,0
7/28/2022,,0.98,1.46,,,,0.13
7/29/2022,,0.98,1.33,,,,0.15
7/30/2022,,1.04,1.49,,,,0
7/31/2022,,1.03,1.53,,,,0.05
8/1/2022,,1,1.47,,,,0
8/2/2022,260,0.97,1.97,204,,,0
8/3/2022,,0.93,1.32,,7.3,0.6,0
8/4/2022,,0.96,1.41,,,,0
8/5/2022,,0.96,3.29,,,,0.34
8/6/2022,,1.1,1.59,,,,0.01
8/7/2022,,1.08,2.12,,,,0.04
8/8/2022,,0.99,4.65,,,,0
8/9/2022,120,1.1,2.08,247,,,0.13
8/10/2022,,1.12,2.11,,4.7,0,0
8/11/2022,,1.25,2.09,,,,0.04
8/12/2022,,1.3,2.15,,,,0
8/13/2022,,1.39,2.18,,,,0
8/14/2022,,1.39,4.47,,,,0
8/15/2022,,1.38,6.83,,,,0
8/16/2022,160,1.41,7.29,241,,,0.14
8/17/2022,,1.52,7.9,,12.2,0,0
8/18/2022,,,7.6,,,,0
8/19/2022,,,8.01,,,,0
8/20/2022,,,,,,,0
8/21/2022,,,,,,,0
8/22/2022,,,,,,,0.49
8/23/2022,490,,,771,,,0.09
8/24/2022,,,,,4.8,0,0
8/25/2022,,,,,,,0
8/26/2022,,1.06,3.56,,,,0.45
8/27/2022,,1.13,3.56,,,,0
8/28/2022,,1.09,1.69,,,,0
8/29/2022,,1.01,1.49,,,,0
8/30/2022,180,1.18,3.32,292,,,0.16
8/31/2022,,1.28,3.36,,4.7,0,0.5
9/1/2022,,1.23,1.67,,,,0
9/2/2022,,1.11,1.62,,,,0
9/3/2022,,1.11,1.7,,,,0
9/4/2022,,1.07,1.64,,,,0
9/5/2022,,1.1,3.42,,,,0.9
9/6/2022,150,1.28,3.45,254,,,0.35
9/7/2022,,1.36,4.34,,7.3,0,0
9/8/2022,,1.29,3.56,,,,0
9/9/2022,,1.39,3.79,,,,0
9/10/2022,,1.39,3.65,,,,0
9/11/2022,,1.52,3.68,,,,0.08
9/12/2022,,,,,,,0
9/13/2022,160,,,210,,,0.3
9/14/2022,,,,,10.8,0,0
9/15/2022,,,,,,,0
9/16/2022,,,,,,,0
9/17/2022,,,,,,,0
9/18/2022,,,,,,,0
9/19/2022,,,,,,,0.31
9/20/2022,120,,,345,,,0
9/21/2022,,,,,6.9,0,0
9/22/2022,,,,,,,0.87
9/23/2022,,,,,,,0
9/24/2022,,,,,,,0
9/25/2022,,,,,,,0.05
9/26/2022,,,,,,,0.13
9/27/2022,120,,,208,,,0
9/28/2022,,,,,9.2,0,0
9/29/2022,,,,,,,0
9/30/2022,,,,,,,0
10/1/2022,,,,,,,0
10/2/2022,,,,,,,0.01
10/3/2022,,,,,,,0.01
10/4/2022,120,,,195,,,1.1
10/5/2022,,,,,6.6,0,0.34
10/6/2022,,,,,,,0
10/7/2022,,,,,,,0.03
10/8/2022,,,,,,,0
10/9/2022,,,,,,,0
10/10/2022,,,,,,,0
10/11/2022,39,,,239,,,0
10/12/2022,,,,,7.6,0,0
10/13/2022,,,,,,,1.25
10/14/2022,,,,,,,0.65
10/15/2022,,,,,,,0
10/16/2022,,,,,,,0
10/17/2022,,,,,,,0.18
10/18/2022,150,,,183,,,0
10/19/2022,,,,,5.5,0,0
10/20/2022,,,,,,,0
10/21/2022,,,,,,,0
10/22/2022,,,,,,,0
10/23/2022,,,,,,,0.04
10/24/2022,,,,,,,0.17
10/25/2022,190,,,298,,,0.09
10/26/2022,,,,,6,0,0.28
10/27/2022,,,,,,,0.25
10/28/2022,,,,,,,0
10/29/2022,,,,,,,0
10/30/2022,,,,,,,0
10/31/2022,,,,,,,0.1
11/1/2022,160,1.05,,204,,,0.02
11/2/2022,,1.08,,,8.6,0,0
11/3/2022,,1.05,,,,,0
11/4/2022,,1.09,,,,,0
11/5/2022,,1.14,,,,,0
11/6/2022,,1.04,,,,,0
11/7/2022,,1.01,,,,,0
11/8/2022,190,0.99,,231,,,0
11/9/2022,,0.93,,,7.1,0,0
11/10/2022,,1.12,,,,,0
11/11/2022,,1.19,,,,,0.29
11/12/2022,,1.21,,,,,0.21
11/13/2022,,1.03,,,,,0
11/14/2022,,0.98,,,,,0
11/15/2022,200,1.27,,182,,,0.66
11/16/2022,,1.13,,,6,0,0.07
11/17/2022,,1.03,,,,,0
11/18/2022,,1.08,,,,,0
11/19/2022,,1.04,,,,,0
11/20/2022,,1,,,,,0
11/21/2022,,0.99,,,,,0
11/22/2022,140,1.13,,199,,,0
11/23/2022,,1.22,,,6.3,0,0
11/24/2022,,1.3,,,,,0
11/25/2022,,1.23,,,,,0.01
11/26/2022,,1.56,,,,,0
11/27/2022,,1.28,,,,,0.49
11/28/2022,,2.19,,,,,0
11/29/2022,210,1.73,,166,,,0
11/30/2022,,1.45,,,9.9,0,0.94
12/1/2022,,1.78,2.76,,,,0
12/2/2022,,1.41,1.84,,,,0
12/3/2022,,1.36,2.26,,,,0.25
12/4/2022,,1.42,2.28,,,,0
12/5/2022,,1.28,1.77,,,,0
12/6/2022,,1.27,3.14,194,,,0.97
12/7/2022,140,1.56,2.3,,3.5,0,0.26
12/8/2022,,1.78,2.36,,,,0
12/9/2022,,1.55,2.32,,,,0
12/10/2022,,1.63,2.62,,,,0.04
12/11/2022,,1.45,3.57,,,,0.17
12/12/2022,,1.44,1.82,,,,0
12/13/2022,,1.25,3.04,178,,,0
12/14/2022,100,1.37,1.78,,6.1,0,0.1
12/15/2022,,1.41,1.92,,,,0.29
12/16/2022,,1.85,4.31,,,,2.13
12/17/2022,,3.94,4.46,,,,0.13
12/18/2022,,2.62,3.04,,,,0
12/19/2022,,2.02,2.71,,,,0
12/20/2022,0,1.86,2.35,135,,,0
12/21/2022,110,1.8,2.88,,6.5,0,0
12/22/2022,,1.7,2.26,,,,1.09
12/23/2022,,3.36,6.55,,,,2.8
12/24/2022,,3.21,3.78,,,,0
12/25/2022,,2.45,3.05,,,,0
12/26/2022,,2.05,2.68,,,,0
12/27/2022,,1.97,2.54,,,,0
12/28/2022,,1.77,2.34,131,4.9,0,0
12/29/2022,290,1.62,2.17,,,,0
12/30/2022,,1.52,2.04,,,,0
12/31/2022,,1.51,2.06,,,,0.44
1/1/2023,,1.76,2.34,,,,0
1/2/2023,,1.63,2.22,,,,0
1/3/2023,110,1.57,2.24,,,,0.54
1/4/2023,,1.99,2.57,183,2.7,0,0.38
1/5/2023,,2.29,3.08,,,,0.01
1/6/2023,,2.36,2.86,,,,0.32
1/7/2023,,2.38,2.94,,,,0
1/8/2023,,2.07,2.61,,,,0
1/9/2023,,1.87,2.3,,,,0
1/10/2023,110,1.72,2.04,,,,0
1/11/2023,,1.6,1.93,118,3.6,0,0.03
1/12/2023,,1.49,1.93,,,,0.9
1/13/2023,,2.33,3.17,,,,0.05
1/14/2023,,2.31,2.62,,,,0.06
1/15/2023,,2.19,2.64,,,,0.23
1/16/2023,,2.25,2.58,,,,0.2
1/17/2023,160,2.04,2.48,,,,0.06
1/18/2023,,1.96,2.49,225,5.2,0,0
1/19/2023,,1.87,2.5,,,,0.91
1/20/2023,,2.46,4.3,,,,0.54
1/21/2023,,2.3,4.14,,,,0
1/22/2023,,1.77,3.28,,,,0.61
1/23/2023,,3.01,5.29,,,,1.25
1/24/2023,45,2.25,3.93,,,,0
1/25/2023,,2.34,2.96,69,2.7,0,1.05
1/26/2023,,3.68,5.62,,,,0.06
1/27/2023,,3.29,4.44,,,,0
1/28/2023,,2.32,3.25,,,,0
1/29/2023,,2.34,2.73,,,,0
1/30/2023,,2.17,2.78,,,,0.12
1/31/2023,,1.96,2.35,,,,0.1
2/1/2023,99,1.81,2.24,112,2.7,0,0
2/2/2023,,1.68,2.19,,,,0
2/3/2023,,1.64,2.24,,,,0
2/4/2023,,1.64,2.07,,,,0
2/5/2023,,1.54,2,,,,0
2/6/2023,,1.41,1.85,,,,0
2/7/2023,100,1.5,2.08,158,,,0.05
2/8/2023,,1.44,1.83,,4.9,0,0
2/9/2023,,1.31,1.76,,,,0.03
2/10/2023,,1.36,1.81,,,,0
2/11/2023,,1.28,1.81,,,,0
2/12/2023,,1.25,1.88,,,,0
2/13/2023,,1.24,1.72,,,,0
2/14/2023,130,1.34,1.86,184,,,0
2/15/2023,,1.24,1.69,,8.2,0,0
2/16/2023,,1.22,1.79,,,,0.02
2/17/2023,,1.29,2.1,,,,0.31
2/18/2023,,1.34,5.41,,,,0
2/19/2023,,1.3,2.04,,,,0
2/20/2023,,1.36,2.27,,,,0.23
2/21/2023,120,1.46,2.25,146,,,0.2
2/22/2023,,1.46,2.01,,8.4,0,0.82
2/23/2023,,1.76,2.48,,,,0.54
2/24/2023,,1.8,2.11,,,,0
2/25/2023,,1.61,1.99,,,,0.1
2/26/2023,,1.51,1.98,,,,0
2/27/2023,,1.44,1.97,,,,0.03
2/28/2023,,1.5,2.16,,,,0.68
3/1/2023,110,1.64,2.11,161,6.7,0,0.42
3/2/2023,,1.71,3.05,,,,0.22
3/3/2023,,1.69,2.23,,,,0.58
3/4/2023,,1.5,3.83,,,,0.75
3/5/2023,,2.49,2.96,,,,0
3/6/2023,,2.01,2.23,,,,0
3/7/2023,150,1.92,2.42,100,,,0
3/8/2023,,1.86,2.22,,4.7,0,0
3/9/2023,,1.81,2.41,,,,0
3/10/2023,,1.74,2.08,,,,0.12
3/11/2023,,1.77,2.33,,,,0.02
3/12/2023,,1.83,2.33,,,,0.01
3/13/2023,,1.67,2.02,,,,2.7
3/14/2023,42,2.63,6.76,146,,,0.64
3/15/2023,,0.71,5.73,,4.7,0,0
3/16/2023,,3.54,4.22,,,,0
3/17/2023,,2.53,4.44,,,,0.05
3/18/2023,,2.35,3.08,,,,0.02
3/19/2023,,2.04,2.79,,,,0
3/20/2023,,1.91,2.42,,,,0
3/21/2023,120,1.78,2.14,100,,,0
3/22/2023,,1.73,2.02,,5,0,0
3/23/2023,,1.7,2.14,,,,0.04
3/24/2023,,1.66,2.02,,,,0
3/25/2023,,1.58,1.95,,,,0.13
3/26/2023,,1.61,1.97,,,,0
3/27/2023,,1.44,1.9,,,,0.51
3/28/2023,120,1.58,2,123,,,0.22
3/29/2023,,1.44,1.92,,3.8,0,0.01
3/30/2023,,1.35,1.84,,,,0
3/31/2023,,1.29,1.8,,,,0.33
4/1/2023,,1.45,2.17,,,,0.54
4/2/2023,,1.52,2.06,,,,0.02
4/3/2023,,1.38,1.94,,,,0
4/4/2023,130,1.33,1.74,144,,,0
4/5/2023,,1.31,1.68,,5.1,0,0
4/6/2023,,1.34,2.18,,,,0
4/7/2023,,1.34,1.68,,,,0
4/8/2023,,1.29,1.86,,,,0
4/9/2023,,1.3,1.85,,,,0
4/10/2023,,1.18,1.63,,,,0
4/11/2023,140,1.18,1.77,162,,,0
4/12/2023,,1.17,1.58,,7.7,0,0
4/13/2023,,1.17,1.68,,,,0
4/14/2023,,1.16,1.71,,,,0
4/15/2023,,1.18,1.83,,,,0
4/16/2023,,1.2,1.84,,,,0
4/17/2023,,1.22,1.87,,,,0.07
4/18/2023,100,1.29,1.83,173,,,0
4/19/2023,,1.25,1.72,,7.2,0,0
4/20/2023,,1.17,1.58,,,,0
4/21/2023,,1.15,1.48,,,,0
4/22/2023,,1.23,1.85,,,,0.02
4/23/2023,,1.23,1.78,,,,0.5
4/24/2023,,1.3,1.62,,,,0.01
4/25/2023,170,1.18,1.56,212,,,0
4/26/2023,,1.09,1.45,,9.1,0,0
4/27/2023,,1.19,1.54,,,,0.05
4/28/2023,,1.19,1.54,,,,0
4/29/2023,,2.53,8.45,,,,0.5
4/30/2023,,1.3,2.23,,,,1.01
5/1/2023,,2.23,3.27,,,,0
5/2/2023,100,1.88,2.18,139,,,0.27
5/3/2023,,1.81,2.2,,4.7,0,0.27
5/4/2023,,1.74,2.12,,,,0.01
5/5/2023,,1.61,1.93,,,,0
5/6/2023,,1.53,1.97,,,,0
5/7/2023,,1.53,1.95,,,,0
5/8/2023,,1.5,1.81,,,,0
5/9/2023,190,1.43,1.79,177,,,0
5/10/2023,,1.3,1.65,,8.4,0,0
5/11/2023,,1.25,1.72,,,,0.08
5/12/2023,,1.25,1.63,,,,0.01
5/13/2023,,1.25,1.62,,,,0
5/14/2023,,1.31,2.43,,,,0
5/15/2023,,1.24,1.72,,,,0
5/16/2023,190,1.21,1.62,253,,,0
5/17/2023,,1.35,2.2,,7.2,0,0
5/18/2023,,1.23,2.16,,,,0
5/19/2023,,1.18,2.07,,,,0
5/20/2023,,1.15,1.66,,,,2.97
5/21/2023,,1.73,3.25,,,,0
5/22/2023,,1.41,2.12,,,,0
5/23/2023,170,1.3,2.1,202,,,0
5/24/2023,,1.18,1.59,,5.2,0,0.07
5/25/2023,,1.19,1.68,,,,0
5/26/2023,,1.13,1.68,,,,0
5/27/2023,,1.1,1.68,,,,0
5/28/2023,,1.07,1.66,,,,0
5/29/2023,,1.12,2.09,,,,0
5/30/2023,150,1.04,5.71,189,,,0
5/31/2023,,1.06,6.23,,4.7,0,0
6/1/2023,,1.01,4.86,,,,0
6/2/2023,,1.07,3.01,,,,0.44
6/3/2023,,1.25,2.17,,,,0.24
6/4/2023,,1.4,2.17,,,,0.06
6/5/2023,,1.52,2.19,,,,0.2
6/6/2023,110,1.52,2.18,169,,,0
6/7/2023,,1.47,2.18,,8.7,0,0
6/8/2023,,1.4,2.16,,,,0
6/9/2023,,1.36,2.2,,,,0.27
6/10/2023,,1.31,2.38,,,,0.3
6/11/2023,,1.34,7.04,,,,0
6/12/2023,,1.36,6.25,,,,0.37
6/13/2023,120,1.25,5.72,180,,,0
6/14/2023,,1.36,6.82,,7.7,0,0.26
6/15/2023,,1.35,2.21,,,,0
6/16/2023,,1.35,4.62,,,,0.01
6/17/2023,,1.38,2.22,,,,0.87
6/18/2023,,1.57,2.26,,,,0
6/19/2023,,1.38,2.21,,,,0
6/20/2023,190,1.24,1.69,232,,,0
6/21/2023,,1.18,2.04,,6.8,0,0
6/22/2023,,1.15,1.66,,,,0
6/23/2023,,1.14,5.39,,,,0.05
6/24/2023,,1.18,6.5,,,,0
6/25/2023,,1.31,679,,,,0.02
6/26/2023,,1.62,7.35,,,,0.61
6/27/2023,170,1.22,3.1,243,,,0.29
6/28/2023,,1.42,6.39,,6.8,0,0.25
6/29/2023,,2.31,2.31,,,,0
6/30/2023,,1.32,2.22,,,,0
7/1/2023,,1.33,2.25,,,,0
7/2/2023,,1.4,2.3,,,,0.26
7/3/2023,,1.81,3.23,,,,0.38
7/4/2023,140,1.88,3.25,166,,,0.48
7/5/2023,,1.81,2.34,,9.4,0,0
7/6/2023,,1.69,2.26,,,,0
7/7/2023,,1.61,2.26,,,,0
7/8/2023,,1.07,2.28,,,,0
7/9/2023,,1.56,7.11,,,,0
7/10/2023,,1.52,5.94,,,,0.74
7/11/2023,120,1.55,6.54,193,,,0
7/12/2023,,1.99,8.33,,7.4,0,0
7/13/2023,,2.31,8.41,,,,0.93
7/14/2023,,1.9,8.31,,,,0.01
7/15/2023,,2.02,8.22,,,,0.34
7/16/2023,,1.82,7.33,,,,2
7/17/2023,,3.45,4.53,,,,0
7/18/2023,110,2.17,3.27,169,,,0
7/19/2023,,1.81,2.15,,8.2,0,0
7/20/2023,,1.19,2.46,,,,0
7/21/2023,,1.01,2.44,,,,1.25
7/22/2023,,2.24,2.66,,,,0
7/23/2023,,1.61,2.61,,,,0
7/24/2023,,0.69,2.46,,,,0
7/25/2023,170,2.83,12.18,292,,,0.79
7/26/2023,,1.59,4.9,,3.1,0,0
7/27/2023,,1.81,8.22,,,,0.22
7/28/2023,,1.94,8.89,,,,0
7/29/2023,,2.6,8.91,,,,3.62
7/30/2023,,4.74,6.12,,,,0
7/31/2023,,3.02,4.27,,,,0
8/1/2023,90,2.4,3.69,139,,,0
8/2/2023,,2.09,3.51,,4.4,0,0
8/3/2023,,1.97,2.56,,,,0.01
8/4/2023,,1.92,2.37,,,,0
8/5/2023,,1.85,3.22,,,,0
8/6/2023,,1.75,2.25,,,,0
8/7/2023,,1.53,2.04,,,,0.15
8/8/2023,78,1.63,3.33,206,,,0.72
8/9/2023,,1.65,2.21,,7,0,0
8/10/2023,,1.48,2.11,,,,0
8/11/2023,,1.41,4.43,,,,0
8/12/2023,,1.41,4.91,,,,1.03
8/13/2023,,1.39,4.85,,,,0
8/14/2023,,1.32,4.97,,,,0.25
8/15/2023,72,1.36,3.63,233,,,0.35
8/16/2023,,1.36,1.98,,6.4,0,0
8/17/2023,,1.36,4.34,,,,0
8/18/2023,,1.57,5.02,,,,1.65
8/19/2023,,1.9,2.27,,,,0
8/20/2023,,1.62,2.23,,,,0
8/21/2023,,1.44,2.14,,,,0.47
8/22/2023,,1.54,2.15,143,,,0
8/23/2023,,1.39,5.12,,4.9,0,0
8/24/2023,,1.37,5.51,,,,0.73
8/25/2023,,1.73,3.57,,,,0.84
8/26/2023,,1.88,3.35,,,,0.12
8/27/2023,,1.72,2.3,,,,0
8/28/2023,,1.58,2.17,,,,0
8/29/2023,95,1.51,2.2,109,,,0.33
8/30/2023,,1.74,2.27,,5.7,0,0.27
8/31/2023,,1.74,2.28,,,,0
9/1/2023,,1.72,2.31,,,,0
9/2/2023,,1.7,2.35,,,,0
9/3/2023,,1.73,2.38,,,,0
9/4/2023,,1.76,3.34,,,,0
9/5/2023,140,1.64,2.42,277,,,0
9/6/2023,,1.58,2.39,,10.6,0,0
9/7/2023,,1.51,2.37,,,,0
9/8/2023,,1.44,2.37,,,,0
9/9/2023,,1.37,2.39,,,,0
9/10/2023,,1.71,3.06,,,,0.55
9/11/2023,,2.1,4.47,,,,2.25
9/12/2023,57,3.2,4.49,135,,,0
9/13/2023,,2.42,3.84,,3.1,0,1.02
9/14/2023,,2.65,4.1,,,,0
9/15/2023,,2.21,2.61,,,,0.04
9/16/2023,,2.26,2.78,,,,0.07
9/17/2023,,1.94,2.6,,,,0.04
9/18/2023,59,2,3.3,149,,,1.3
9/19/2023,,2.81,3.23,,,,0
9/20/2023,,2.21,2.65,,4.9,0,0
9/21/2023,,1.93,3.31,,,,0
9/22/2023,,1.82,2.67,,,,0
9/23/2023,,1.69,2.27,,,,0
9/24/2023,,1.78,3.44,,,,0.08
9/25/2023,,1.91,3.46,,,,0.72
9/26/2023,51,1.88,3.28,142,,,0
9/27/2023,,1.82,2.36,,6.6,0,0
9/28/2023,,1.76,2.96,,,,0
9/29/2023,,1.8,3.32,,,,0.41
9/30/2023,,1.92,3.61,,,,0
10/1/2023,,1.9,3.53,,,,0
10/2/2023,,1.83,3.41,,,,0
10/3/2023,110,1.71,2.32,206,,,0
10/4/2023,,1.59,2.16,,8.5,0,0
10/5/2023,,1.55,2.21,,,,0
10/6/2023,,1.44,2.08,,,,0
10/7/2023,,1.44,2.34,,,,0.24
10/8/2023,,1.61,2.22,,,,0
10/9/2023,,1.49,5.16,,,,0
10/10/2023,150,1.45,4.74,250,,,0.06
10/11/2023,,1.41,4.77,,8.5,0,0
10/12/2023,,1.45,4.84,,,,0
10/13/2023,,1.52,4.99,,,,0
10/14/2023,,1.48,5.29,,,,0
10/15/2023,,1.55,6.23,,,,0
10/16/2023,,1.66,2.41,,,,0.04
10/17/2023,75,1.56,2.22,552,,,0.03
10/18/2023,,1.44,1.94,,11,0,0
10/19/2023,,1.35,1.93,,,,0
10/20/2023,,1.35,2.36,,,,0.07
10/21/2023,,1.59,3.6,,,,1
10/22/2023,,1.71,2.38,,,,0
10/23/2023,,1.51,2.38,,,,0
10/24/2023,260,1.48,5.56,618,,,0
10/25/2023,,1.69,7.38,,9.1,0,0
10/26/2023,,1.85,8.18,,,,0
10/27/2023,,1.51,2.48,,,,0
10/28/2023,,1.68,6.46,,,,0
10/29/2023,,2.01,8.98,,,,0.03
10/30/2023,,1.89,7.7,,,,0.58
10/31/2023,84,1.78,2.39,165,,,0
11/1/2023,,1.71,2.39,,10.5,1,0.27
11/2/2023,,1.63,2.39,,,,0
11/3/2023,,1.49,2.39,,,,0
11/4/2023,,1.39,1.76,,,,0
11/5/2023,,1.35,5.05,,,,0
11/6/2023,,1.38,2.4,,,,0.11
11/7/2023,370,1.33,2.28,482,,,0.09
11/8/2023,,1.34,4.39,,9.8,4,0.02
11/9/2023,,1.34,5.05,,,,0.17
11/10/2023,,1.36,5.14,,,,0
11/11/2023,,2.82,10.3,,,,0
11/12/2023,,6.22,11.28,,,,0
11/13/2023,,8.6,12.87,,,,0
11/14/2023,110,2.97,8.39,414,,,0
11/15/2023,,2.9,9.43,,9.4,0,0
11/16/2023,,2.12,8.83,,,,0
11/17/2023,,1.38,2.32,,,,0
11/18/2023,,1.45,2.41,,,,0
11/19/2023,,1.45,2.41,,,,0
11/20/2023,,1.41,2.31,,,,0
11/21/2023,250,1.38,2.4,504,,,0.77
11/22/2023,,1.75,3.29,,12.7,0,0.84
11/23/2023,,1.94,3.34,,,,0
11/24/2023,,1.71,2.47,,,,0
11/25/2023,,1.61,2.46,,,,0
11/26/2023,,1.62,2.47,,,,0
11/27/2023,,1.87,3.44,,,,0
11/28/2023,200,1.8,2.5,319,,,0
11/29/2023,,1.66,3.38,,8.6,0,0
11/30/2023,,2.96,11.42,,,,0
12/1/2023,,7.67,12.31,,,,0.18
12/2/2023,,7.69,13.69,,,,0.57
12/3/2023,,7.74,14.6,,,,0.49
12/4/2023,,8.64,14.42,,,,0.11
12/5/2023,170,3.14,12.92,173,,,0
12/6/2023,,3.14,12.91,,,,0.01
12/7/2023,,5.49,11.85,,,,0
12/8/2023,,5.2,11.66,,,,0
12/9/2023,,6.36,11.94,,,,0
12/10/2023,,5.86,12.7,,,,3.25
12/11/2023,,3.7,10.37,,,,0.33
12/12/2023,98,2.87,3.83,548,,,0
12/13/2023,,2.44,3.75,,4.4,0,0
12/14/2023,,1.46,3.54,,,,0
12/15/2023,,1.91,2.64,,,,0
12/16/2023,,0.78,2.33,,,,0
12/17/2023,,1.76,3.45,,,,0.36
12/18/2023,,3.26,5.3,,,,0.82
12/19/2023,170,3.83,4.62,199,,,0
12/20/2023,,2.11,3.51,,5.6,0,0
12/21/2023,,2.12,3.5,,,,0
12/22/2023,,2.22,3.31,,,,0
12/23/2023,,2.05,3.18,,,,0
12/24/2023,,2,3.19,,,,0
12/25/2023,,1.88,2.46,,,,0
12/26/2023,220,1.86,3.2,346,,,0
12/27/2023,,1.79,2.44,,7.2,0,0.17
12/28/2023,,1.93,3.39,,,,0.64
12/29/2023,,2.55,3.76,,,,0.04
12/30/2023,,1.91,3.27,,,,1.16
12/31/2023,,1.65,2.53,,,,0
1/1/2024,,1.66,2.6,,,,0
1/2/2024,77,1.99,2.46,243,,,0
1/3/2024,,1.83,2.41,,6.5,0,0
1/4/2024,,1.77,2.46,,,,0
1/5/2024,,1.66,2.28,,,,0
1/6/2024,,1.59,2.39,,,,0.05
1/7/2024,,1.68,3.82,,,,0.7
1/8/2024,,0.98,3.46,,,,0
1/9/2024,340,2.6,3.4,498,,,0.61
1/10/2024,,5.07,6.18,,1.6,0,2.83
1/11/2024,,4.89,5.6,,,,0
1/12/2024,,4.24,6.09,,,,0.66
1/13/2024,,3.74,6.42,,,,0.05
1/14/2024,,2.14,4.95,,,,0
1/15/2024,,2.8533,3.72,,,,0
1/16/2024,500,2.97,4.12,363,,,0.74
1/17/2024,,3.22,3.85,,5.9,0,0
1/18/2024,,2.53,2.95,,,,0
1/19/2024,,2.25,2.88,,,,0
1/20/2024,,2.15,2.88,,,,0.01
1/21/2024,,2.04,2.86,,,,0
1/22/2024,,1.89,2.94,,,,0
1/23/2024,440,1.82,3.75,292,,,0.03
1/24/2024,,1.48,2.9,,7.8,0,0.6
1/25/2024,,1.83,2.29,,,,0.22
1/26/2024,,2.47,4.08,,,,0.31
1/27/2024,,0.85,2.75,,,,0.01
1/28/2024,,1.18,2.18,,,,0.45
1/29/2024,,3.04,3.46,,,,0.05
1/30/2024,600,2.69,2.93,425,,,0.01
1/31/2024,,2.3,2.7,,3.4,0,0
2/1/2024,,1.99,2.75,,,,0
2/2/2024,,1.69,2.58,,,,0.01
2/3/2024,,1.69,2.69,,,,0
2/4/2024,,1.72,2.69,,,,0
2/5/2024,,1.72,2.8,,,,0
2/6/2024,200,1.61,2.69,311,,,0
2/7/2024,,1.65,2.78,,6.8,0,0
2/8/2024,,1.6,2.7,,,,0
2/9/2024,,1.6,2.77,,,,0
2/10/2024,,1.63,3.4,,,,0.04
2/11/2024,,1.43,3.21,,,,0
2/12/2024,,1.73,2.56,,,,0
2/13/2024,160,2.15,3.44,171,,,0.5
2/14/2024,,2.09,2.66,,12.7,0,0
2/15/2024,,1.59,2.43,,,,0.04
2/16/2024,,1.56,2.74,,,,0
2/17/2024,,1.48,2.28,,,,0
2/18/2024,,1.4,2.28,,,,0
2/19/2024,,1.28,2.22,,,,0
2/20/2024,130,1.22,2.18,106,,,0
2/21/2024,,1.18,4.55,,4.1,0,0
2/22/2024,,1.21,2.41,,,,0.02
2/23/2024,,1.27,2.56,,,,0.03
2/24/2024,,1.31,2.49,,,,0
2/25/2024,,1.26,2.59,,,,0
2/26/2024,,1.37,4.61,,,,0
2/27/2024,140,1.11,1.64,180,,,0.37
2/28/2024,,1.32,2.48,,5.7,0,0.59
2/29/2024,,1.34,1.89,,,,0
3/1/2024,,1.2,1.94,,,,0
3/2/2024,,1.17,1.91,,,,0.73
3/3/2024,,1.92,2.8,,,,0.37
3/4/2024,,1.74,2.03,,,,0
3/5/2024,160,1.65,2.42,209,,,0.13
3/6/2024,,1.63,2.46,,3.7,0,1.28
3/7/2024,,3.48,4.85,,,,0.04
3/8/2024,,3.01,4.22,,,,0
3/9/2024,,2.62,3.36,,,,0.03
3/10/2024,,3.72,5.9,,,,1.08
3/11/2024,,3.32,5.78,,,,0
3/12/2024,150,1.79,4.84,76,,,0
3/13/2024,,2.44,6.09,,3.3,0,0
3/14/2024,,2.22,2.67,,,,0
3/15/2024,,2.02,2.29,,,,0
3/16/2024,,1.9,2.6,,,,0
3/17/2024,,1.77,2.54,,,,0.02
3/18/2024,,1.65,2.71,,,,0
3/19/2024,150,1.53,2.44,129,,,0
3/20/2024,,1.49,4.22,,4.3,2,0.08
3/21/2024,,1.44,1.88,,,,0
3/22/2024,,1.24,1.84,,,,0.09
3/23/2024,,1.44,5.82,,,,2.15
3/24/2024,,4.61,5.92,,,,0
3/25/2024,,2.75,3.23,,,,0
3/26/2024,60,2.49,2.98,96,,,0.05
3/27/2024,,2.19,2.69,,5.1,0,0.61
3/28/2024,,2.68,5.45,,,,3.4
3/29/2024,,5.24,6.19,,,,0.56
3/30/2024,,3.67,4.44,,,,0
3/31/2024,,1.79,3.24,,,,0
4/1/2024,,2.38,4.72,,,,0
4/2/2024,130,1.92,3.28,181,,,0.11
4/3/2024,,1.83,2.86,,3.3,0,1.59
4/4/2024,,4.23,6.47,,,,0.81
4/5/2024,,4.49,5.41,,,,0.21
4/6/2024,,2.98,5.07,,,,0.02
4/7/2024,,2.53,3.97,,,,0
4/8/2024,,2.64,6.49,,,,0
4/9/2024,85,2.57,3.26,113,,,0
4/10/2024,,1.53,3.15,,6.3,0,0.02
4/11/2024,,1.76,2.88,,,,0.52
4/12/2024,,2.54,3.65,,,,0.41
4/13/2024,,2.54,3.2,,,,0
4/14/2024,,1.54,3.14,,,,0
4/15/2024,,1.89,2.89,,,,0
4/16/2024,100,1.78,2.68,125,,,0
4/17/2024,,1.64,2.42,,3.7,0,0
4/18/2024,,1.57,1.99,,,,0.15
4/19/2024,,1.54,2,,,,0
4/20/2024,,1.59,2.67,,,,0.29
4/21/2024,,1.61,2.6,,,,0
4/22/2024,,1.52,1.94,,,,0
4/23/2024,160,1.43,1.81,182,,,0
4/24/2024,,1.45,1.98,,3.4,0,0.04
4/25/2024,,1.42,1.77,,,,0
4/26/2024,,1.34,2.27,,,,0
4/27/2024,,1.31,2.28,,,,0
4/28/2024,,1.33,1.88,,,,0.01
4/29/2024,,1.31,1.83,,,,0.16
4/30/2024,220,1.31,1.85,302,,,0.17
5/1/2024,,1.27,1.79,,8.5,0,0
5/2/2024,,1.26,3.66,,,,0.1
5/3/2024,,1.28,1.77,,,,0
5/4/2024,,1.32,5.63,,,,0
5/5/2024,,1.28,1.93,,,,0.37
5/6/2024,,1.41,2.75,,,,0.11
5/7/2024,160,1.46,5.38,185,,,0
5/8/2024,,1.59,2.4,,,0,0.63
5/9/2024,,1.69,2.54,,,,0
5/10/2024,,1.62,2.43,,,,0
5/11/2024,,1.58,1.93,,,,0
5/12/2024,,1.53,1.95,,,,0
5/13/2024,,1.39,1.8,,,,0
5/14/2024,180,1.28,1.83,242,,,0
5/15/2024,,1.22,5.17,,7.7,0,0.16
5/16/2024,,1.49,2.51,,,,0.39
5/17/2024,,1.49,1.98,,,,0
5/18/2024,,1.41,2.68,,,,0.1
5/19/2024,,1.92,2.96,,,,0.17
5/20/2024,,1.81,3.5,,,,0
5/21/2024,120,1.72,2.02,137,,,0
5/22/2024,,1.63,1.99,,4.6,0,0
5/23/2024,,1.66,2.79,,,,0.72
5/24/2024,,1.81,2.02,,,,0
5/25/2024,,1.7,1.97,,,,0.04
5/26/2024,,1.65,1.99,,,,0
5/27/2024,,1.6,1.97,,,,0.38
5/28/2024,170,1.66,1.99,217,,,0
5/29/2024,,1.53,2.34,,7.6,0,0.25
5/30/2024,,2.03,3.88,,,,1.09
5/31/2024,,2.51,4.76,,,,0
6/1/2024,,2.19,2.75,,,,0
6/2/2024,,1.85,3.21,,,,0
6/3/2024,,1.74,2.65,,,,0
6/4/2024,54,1.67,2.57,143,,,0
6/5/2024,,1.64,2.6,,,0,0
6/6/2024,,1.72,2.74,,,,0
6/7/2024,,1.82,2.58,,,,0.05
6/8/2024,,1.78,2.89,,,,0
6/9/2024,,1.62,3.04,,,,0.23
6/10/2024,,1.55,2.47,,,,0
6/11/2024,200,1.41,2.4,288,,,0
6/12/2024,,1.34,3.58,,8,0,0
6/13/2024,,1.26,2.14,,,,0
6/14/2024,,1.26,2.63,,,,0.46
6/15/2024,,1.5,3.23,,,,0
6/16/2024,,1.33,2.56,,,,0
6/17/2024,,1.22,1.74,,,,0
6/18/2024,120,1.17,1.71,140,,,0
6/19/2024,,1.19,2.29,,4.9,0.1,0
6/20/2024,,1.21,3.97,,,,0.13
6/21/2024,,1.23,2.41,,,,0.65
6/22/2024,,1.42,2.43,,,,0.18
6/23/2024,,1.43,2.48,,,,0.09
6/24/2024,,1.42,2.31,,,,0.2
6/25/2024,220,1.46,2.31,399,,,0
6/26/2024,,1.41,2.26,,10.4,0,1.05
6/27/2024,,1.59,2.75,,,,0.3
6/28/2024,,1.42,2.32,,,,0
6/29/2024,,1.34,2.5,,,,0
6/30/2024,,1.34,2.54,,,,0.02
7/1/2024,,1.3,2.42,,,,0.26
7/2/2024,300,1.31,2.27,388,,,0
7/3/2024,,1.33,2.26,,5.7,0.8,0
7/4/2024,,1.44,2.31,,,,0
7/5/2024,,1.54,3.86,,,,0.51
7/6/2024,,1.54,2.45,,,,0.01
7/7/2024,,1.45,2.1,,,,0
7/8/2024,,1.33,1.69,,,,0
7/9/2024,350,1.27,3.6,473,,,0.06
7/10/2024,,1.21,1.69,,8.7,1,0
7/11/2024,,1.21,5.73,,,,0
7/12/2024,,1.18,5.84,,,,0.04
7/13/2024,,1.24,6.15,,,,0.24
7/14/2024,,1.23,6.07,,,,0
7/15/2024,,1.26,6.15,,,,0.04
7/16/2024,260,1.27,5.72,215,,,0
7/17/2024,,1.2,6.03,,5,1,0.47
7/18/2024,,1.25,4.6,,,,0.22
7/19/2024,,1.25,6.31,,,,0
7/20/2024,,1.29,5.74,,,,0
7/21/2024,,1.32,1.9,,,,0
7/22/2024,,1.3,1.64,,,,0
7/23/2024,160,1.34,3.49,348,,,0.01
7/24/2024,,1.36,1.7,,11.9,0.6,0.19
7/25/2024,,1.33,1.78,,,,0.26
7/26/2024,,1.32,1.8,,,,0
7/27/2024,,1.3,1.91,,,,0
7/28/2024,,1.3,5.7,,,,0
7/29/2024,,1.22,1.83,,,,0
7/30/2024,260,1.27,6.03,223,,,0.03
7/31/2024,,1.28,6.29,,8.5,1,0
8/1/2024,,1.28,6.13,,,,0
8/2/2024,,1.28,5.85,,,,0
8/3/2024,,1.28,5.56,,,,0
8/4/2024,,1.37,2.47,,,,0.08
8/5/2024,,1.39,5.17,,,,0.14
8/6/2024,190,1.39,4.14,259,,,0.82
8/7/2024,,1.4,1.78,,7.2,0,0
8/8/2024,,1.32,4.97,,,,0.22
8/9/2024,,1.3,1.73,,,,0.58
8/10/2024,,1.5,1.92,,,,0
8/11/2024,,1.36,1.95,,,,0
8/12/2024,,1.32,6.32,,,,0.01
8/13/2024,220,1.28,6.38,251,,,0
8/14/2024,,1.26,6.45,,6.5,3,0
8/15/2024,,1.34,6.21,,,,0.25
8/16/2024,,1.29,6.44,,,,0
8/17/2024,,1.27,6.23,,,,0
8/18/2024,,1.35,6.05,,,,0
8/19/2024,,1.44,3.39,,,,0.1
8/20/2024,360,1.6,2.58,326,,,0.14
8/21/2024,,1.56,1.96,,13,6,0
8/22/2024,,1.55,1.99,,,,0
8/23/2024,,1.49,1.96,,,,0
8/24/2024,,1.13,2.01,,,,0
8/25/2024,,1.41,2.02,,,,0
8/26/2024,,1.33,6.29,,,,0
8/27/2024,380,1.3,6.6,235,,,0
8/28/2024,,1.26,5.95,,7.4,3,0
8/29/2024,,1.31,6.61,,,,0
8/30/2024,,1.31,6.64,,,,0
8/31/2024,,1.34,6.27,,,,0
9/1/2024,,1.37,6.56,,,,0
9/2/2024,,1.36,5.94,,,,0
9/3/2024,230,1.27,6.38,441,,,0
9/4/2024,,1.16,6.01,,11.1,2,0
9/5/2024,,1.18,6.06,,,,0
9/6/2024,,1.06,5.86,,,,0
9/7/2024,,1.1,2.26,,,,0
9/8/2024,,1.11,2.33,,,,0
9/9/2024,,1.09,5.99,,,,0
9/10/2024,340,1.01,5.08,268,,,0
9/11/2024,,0.97,2.24,,9.7,3,0
9/12/2024,,1.04,5.71,,,,0
9/13/2024,,0.99,2.79,,,,0
9/14/2024,,0.93,5.6,,,,0
9/15/2024,,1.04,2.83,,,,0
9/16/2024,,1.02,1.64,,,,0
9/17/2024,220,1.02,2.78,274,,,0
9/18/2024,,1.17,2.6,,8.4,1.5,0
9/19/2024,,1.4,2.77,,,,0.1
9/20/2024,,1.77,2.89,,,,0.82
9/21/2024,,1.86,3.03,,,,0.47
9/22/2024,,1.72,3.34,,,,0.06
9/23/2024,,1.53,3.73,,,,0
9/24/2024,170,1.32,3.49,235,,,0
9/25/2024,,1.31,5.25,,13.5,0,0
9/26/2024,,1.13,2.07,,,,0.36
9/27/2024,,0.81,2.06,,,,0
9/28/2024,,0,0,,,,0
9/29/2024,,0,0,,,,0
9/30/2024,,0,0,,,,0
10/1/2024,,1.07,0,263,,,0
10/2/2024,,1.08,1.62,,11.2,0,0
10/3/2024,,1.08,1.52,,,,0
10/4/2024,,0.9,1.32,,,,0
10/5/2024,,0.87,1.59,,,,0
10/6/2024,,0.91,1.47,,,,0
10/7/2024,,1.02,1.45,,,,0.37
10/8/2024,,1.02,1.37,289,,,0.11
10/9/2024,,0.97,1.4,,10.8,0.1,0
10/10/2024,,0.79,1.35,,,,0
10/11/2024,,0.82,1.42,,,,0
10/12/2024,,0.6,1.14,,,,0
10/13/2024,,0.51,1.43,,,,0.04
10/14/2024,,0.78,1.77,,,,0.02
10/15/2024,,0.84,1.69,331,,,0
10/16/2024,,0.93,1.54,,10.9,0,0
10/17/2024,,0.97,1.65,,,,0
10/18/2024,,1.17,2.06,,,,0
10/19/2024,,1.17,1.96,,,,0
10/20/2024,,0.95,2,,,,0
10/21/2024,,0.82,3.23,,,,0
10/22/2024,,0.9,3.73,364,,,0
10/23/2024,,0.85,1.23,,12.3,2,0
10/24/2024,,0.9,0.92,,,,0
10/25/2024,,0.91,1.5,,,,0
10/26/2024,,0.66,1.33,,,,0
10/27/2024,,0.59,1.21,,,,0
10/28/2024,,0.76,1.42,,,,0
10/29/2024,,0.75,1.7,493,,,0.27
10/30/2024,,0.8,2.11,,6.2,5,0
10/31/2024,,0.76,1.95,,,,0
11/1/2024,,0.64,2.02,,,,0
11/2/2024,,0.66,2.79,,,,0
11/3/2024,,0.62,2.91,,,,0
11/4/2024,,0.61,2.47,,,,0
11/5/2024,340,0.61,5.95,394,,,0
11/6/2024,,0.57,1.81,,7.4,4,0
11/7/2024,,0.57,0.97,,,,0
11/8/2024,,0.55,1.46,,,,0.03
11/9/2024,,0.55,0.98,,,,0
11/10/2024,,0.57,1.12,,,,0.01
11/11/2024,,0.59,1.37,,,,0.06
11/12/2024,300,0.69,1.33,442,,,0
11/13/2024,,0.8,1.49,,12.2,2,0
11/14/2024,,1.24,6.56,,,,0
11/15/2024,,1.66,7.49,,,,0
11/16/2024,,1.22,2.38,,,,0
11/17/2024,,1.2,2.01,,,,0
11/18/2024,,1.12,2.12,,,,0.01
11/19/2024,180,1.06,1.73,323,,,0
11/20/2024,,1.01,1.41,,14.2,3,0.01
11/21/2024,,1,1.68,,,,1.19
11/22/2024,,1.31,1.83,,,,1.4
11/23/2024,,1.52,2.14,,,,1.35
11/24/2024,,1.18,1.95,,,,0
11/25/2024,260,0.9,1.36,296,,,0
11/26/2024,,0.89,1.28,,,0.1,0.15
11/27/2024,,0.96,1.57,,,,0
11/28/2024,,1.08,1.88,,,,1
11/29/2024,,1.19,1.76,,,,0
11/30/2024,,1.01,1.66,,,,0
12/1/2024,,0.95,1.57,,,,0
12/2/2024,,0.88,1.32,,,,0
12/3/2024,320,0.89,1.27,376,,,0
12/4/2024,,0.96,0.96,,6.8,6.8,0.64
12/5/2024,,1.03,1.35,,,,0.18
12/6/2024,,0.9,4.26,,,,0
12/7/2024,,0.82,1.36,,,,0
12/8/2024,,0.83,1.31,,,,0.18
12/9/2024,,0.81,1.34,,,,0.5
12/10/2024,220,1.09,1.67,238,,,0.22
12/11/2024,,1.62,4.68,,11.8,0,3.33
12/12/2024,,4.01,5.33,,,,1.51
12/13/2024,,2.23,3.51,,,,0
12/14/2024,,1.74,7.72,,,,0
12/15/2024,,1.54,2.29,,,,0
12/16/2024,,1.46,2.18,,,,0.23
12/17/2024,170,1.46,2.13,220,,,0
12/18/2024,,1.35,2.31,,5.2,2,0.96
12/19/2024,,1.81,2.35,,,,0.01
12/20/2024,,1.66,2.11,,,,0.78
12/21/2024,,1.83,2.17,,,,0
12/22/2024,,1.53,2.11,,,,0
12/23/2024,,1.3,2.45,,,,0
12/24/2024,,1.42,1.91,,,,0
12/25/2024,170,1.4,1.9,153,,,0
12/26/2024,,1.33,1.87,,4.2,0,0
12/27/2024,,1.25,1.99,,,,0.02
12/28/2024,,1.26,1.92,,,,0.57
12/29/2024,,1.23,1.94,,,,0
12/30/2024,,1.47,2.63,,,,1.93
12/31/2024,,1.57,2.55,,,,0
1/1/2025,340,1.83,3.19,432,,,0
1/2/2025,,1.8,2.05,,4.5,0,0
1/3/2025,,1.57,1.85,,,,0
1/4/2025,,1.43,1.95,,,,0
1/5/2025,,1.41,1.84,,,,0
1/6/2025,,1.31,1.63,,,,0
1/7/2025,160,1.28,1.63,196,,,0
1/8/2025,,1.25,1.99,,5.7,0,0
1/9/2025,,1.17,1.59,,,,0
1/10/2025,,1.15,6.88,,,,0.03
1/11/2025,,1.23,6.67,,,,0.64
1/12/2025,,1.27,4.95,,,,0
1/13/2025,,1.44,6.27,,,,0
1/14/2025,150,1.21,5.88,143,,,0
1/15/2025,,1.42,6.17,,8.4,0,0
1/16/2025,,1.21,6.78,,,,0
1/17/2025,,1.39,7.11,,,,0
1/18/2025,,1.2,6.84,,,,0.44
1/19/2025,,1.06,2.5,,,,0
1/20/2025,,1.04,2.53,,,,1.14
1/21/2025,150,0.94,7.45,130,,,0
1/22/2025,,1.17,16,,3.2,0,0
1/23/2025,,1,5.27,,,,0
1/24/2025,,1.38,6.74,,,,0
1/25/2025,,1.09,5.75,,,,0
1/26/2025,,0.55,0.64,,,,0
1/27/2025,,1.01,4.84,,,,0
1/28/2025,140,1.35,7.08,199,,,0.3
1/29/2025,,1.01,1.88,,3,0,0.02
1/30/2025,,1.01,2.3,,,,0
1/31/2025,,1.04,2.28,,,,1
2/1/2025,,1.44,2.41,,,,0
2/2/2025,,1.35,2.41,,,,1
2/3/2025,,1.28,2.28,,,,0
2/4/2025,250,1.32,2.07,350,,,0
2/5/2025,,1.22,2.17,,8.3,0,0
2/6/2025,,1.15,2.25,,,,0.25
2/7/2025,,1.23,2.38,,,,0
2/8/2025,,1.15,2.31,,,,0.65
2/9/2025,,1.18,2.24,,,,1.42
2/10/2025,,1.19,2.27,,,,0
2/11/2025,110,1.12,2.49,110,,,0
2/12/2025,,1.12,5.12,,4.9,0,0.2
2/13/2025,,1.34,2.94,,,,0.24
2/14/2025,,1.45,2.33,,,,0
2/15/2025,,1.25,2.28,,,,0.09
2/16/2025,,1.67,3.62,,,,2.9
2/17/2025,,2.86,15.59,,,,0
2/18/2025,72,1.72,2.55,96,,,0
2/19/2025,,1.38,2.34,,2,0,0
2/20/2025,,1.38,2.4,,,,0
2/21/2025,,1.33,4.62,,,,0
2/22/2025,,1.3,4.8,,,,0
2/23/2025,,1.28,4.73,,,,0
2/24/2025,,1.27,6.29,,,,0
2/25/2025,140,1.33,3.18,223,,,0
2/26/2025,,1.48,5,,3.7,0,0
2/27/2025,,1.51,6.01,,,,0.08
2/28/2025,,1.6,2.81,,,,0
3/1/2025,,1.55,2.27,,,,0.19
3/2/2025,,1.46,2.35,,,,0
3/3/2025,,1.35,2.46,,,,0
3/4/2025,130,1.33,2.18,161,,,0
3/5/2025,,1.28,6.15,,7.8,0,0.7
3/6/2025,,1.78,8.87,,,,0.28
3/7/2025,,1.63,2.93,,,,0
3/8/2025,,1.48,1.87,,,,0
3/9/2025,,1.36,2.93,,,,0
3/10/2025,,1.32,3.05,,,,0
3/11/2025,170,1.33,3.95,210,,,0
3/12/2025,,1.33,3.2,,4.4,0,0
3/13/2025,,1.31,4.01,,,,0
3/14/2025,,1.3,4,,,,0
3/15/2025,,1.37,4.16,,,,0
3/16/2025,,1.37,4.64,,,,0
3/17/2025,,3.26,7.12,,,,0.91
3/18/2025,36,2.43,2.79,141,,,0
3/19/2025,,1.91,2.17,,3.1,0,0
3/20/2025,,1.87,2.12,,,,0
3/21/2025,,1.9,2.3,,,,0.15
3/22/2025,,1.85,2.26,,,,0
3/23/2025,,1.82,2.12,,,,0
3/24/2025,,1.68,2.35,,,,0.97
3/25/2025,86,1.99,2.27,150,,,0
3/26/2025,,1.96,2.17,,2.2,0,0
3/27/2025,,2.69,16,,,,0
3/28/2025,,1.86,2.24,,,,0.14
3/29/2025,,1.52,2.15,,,,1.99
3/30/2025,,1.49,2.05,,,,0.06
3/31/2025,,1.52,4.89,,,,0.13
4/1/2025,,1.64,1.96,190,,,0
4/2/2025,,1.42,1.71,,7.8,0,0.25
4/3/2025,,1.46,4.4,,,,0.13
4/4/2025,,1.46,1.84,,,,0
4/5/2025,,1.37,1.98,,,,0.05
4/6/2025,,1.81,2.41,,,,1.31
4/7/2025,,1.74,2.12,,,,0.23
4/8/2025,,1.81,3.03,214,,,0.15
4/9/2025,,1.64,1.97,,2.8,0,0
4/10/2025,,1.48,1.82,,,,0.25
4/11/2025,,1.47,4.32,,,,0.56
4/12/2025,,1.69,2.27,,,,0.41
4/13/2025,,1.81,2.3,,,,0.04
4/14/2025,,1.63,1.97,,,,0
4/15/2025,,1.63,1.9,272,,,0.13
4/16/2025,,1.57,1.87,,4.2,0,0
4/17/2025,,1.4,4.78,,,,0
4/18/2025,,1.3,4.62,,,,0.01
4/19/2025,,1.33,7.06,,,,0
4/20/2025,,1.38,6.83,,,,0
4/21/2025,,1.36,7.15,,,,0.41
4/22/2025,,2.02,6.16,361,,,0
4/23/2025,,2.18,2.6,,6.8,0,0
4/24/2025,,2.04,3.14,,,,0
4/25/2025,,1.99,2.29,,,,0.21
4/26/2025,,2,2.35,,,,0.79
4/27/2025,,1.98,2.25,,,,0
4/28/2025,,1.95,3.49,,,,0
4/29/2025,,1.93,2.9,356,,,0
4/30/2025,,2.02,3.41,,10.5,0,0
5/1/2025,,1.96,2.45,,,,0.19
5/2/2025,,1.96,2.63,,,,0
5/3/2025,,2,3.38,,,,0.15
5/4/2025,,2.07,3.64,,,,0.25
5/5/2025,,1.89,2.37,,,,0.14
5/6/2025,220,1.96,2.28,352,,,0.15
5/7/2025,,2.02,2.68,,4.4,1,0
5/8/2025,,1.96,2.37,,,,0.11
5/9/2025,,1.84,2.58,,,,1.37
5/10/2025,,1.97,2.36,,,,0.25
5/11/2025,,2,2.31,,,,0
5/12/2025,,1.94,2.48,,,,0
5/13/2025,150,1.85,2.44,173,,,0
5/14/2025,,1.81,2.08,,4.9,0,0.03
5/15/2025,,1.68,4.58,,,,0.34
5/16/2025,,1.35,3.36,,,,0
5/17/2025,,1.35,2.62,,,,0
5/18/2025,,1.35,2.59,,,,0
5/19/2025,,1.35,5.68,,,,0
5/20/2025,200,1.33,6.29,251,,,0
5/21/2025,,1.33,5.73,,7.7,0,0.02
5/22/2025,,1.48,5.77,,,,3.85
5/23/2025,,5.29,6.44,,,,1.3
5/24/2025,,4.54,5.44,,,,0.23
5/25/2025,,3.29,3.75,,,,0
5/26/2025,,2.67,3.49,,,,0
5/27/2025,100,2.36,3.07,308,,,0
5/28/2025,,2.25,3.66,,4.4,0,0
5/29/2025,,2.09,3.15,,,,0
5/30/2025,,1.9,2.77,,,,0.02
5/31/2025,,1.98,2.81,,,,0
6/1/2025,,1.82,2.76,,,,0
6/2/2025,,1.58,2.66,,,,0
6/3/2025,,1.47,2.61,300,,,0
6/4/2025,,1.4,2.63,,3.4,0,0
6/5/2025,,1.37,2.57,,,,0
6/6/2025,,1.36,6.28,,,,0
6/7/2025,,1.5,6.63,,,,0
6/8/2025,,1.56,2.8,,,,0
6/9/2025,,1.44,6.76,,,,0
6/10/2025,,1.42,5.88,310,,,0.26
6/11/2025,,1.38,5.24,,5.9,0,0
6/12/2025,,1.38,5.85,,,,0
6/13/2025,,1.37,6.15,,,,0
6/14/2025,,1.39,5.22,,,,0.02
6/15/2025,,1.37,5.05,,,,0
6/16/2025,,1.37,6.12,,,,0
6/17/2025,,1.37,6,290,,,0.02
6/18/2025,,1.41,5.73,,9.9,0,0.02
6/19/2025,,1.46,5.91,,,,0
6/20/2025,,1.46,6.14,,,,0
6/21/2025,,1.46,6.78,,,,0.11
6/22/2025,,1.12,6.09,,,,0
6/23/2025,,1.45,5.96,,,,0
6/24/2025,,1.42,4.56,227,,,0
6/25/2025,,1.39,4.03,,7.2,2,0
6/26/2025,,1.4,4.07,,,,0.02
6/27/2025,,1.35,1.62,,,,0.01
6/28/2025,,1.37,5.61,,,,0
6/29/2025,,1.37,5.04,,,,0
6/30/2025,,1.39,5.72,,,,0
7/1/2025,140,1.6,6.67,334,,,0.3
7/2/2025,,1.54,6.28,,,10,0
7/3/2025,,1.5,6.19,,,,0.19
7/4/2025,,1.58,7.12,,,,0
7/5/2025,,1.56,7.61,,,,0
7/6/2025,,1.55,6.08,,,,0
7/7/2025,,1.48,7.17,,,,0
7/8/2025,230,1.45,6.41,380,,,0.87
7/9/2025,,1.55,4.77,,5.2,2,0.82
7/10/2025,,3.13,6.3,,,,3.5
7/11/2025,,3.3,5.55,,,,0
7/12/2025,,2.17,2.45,,,,0
7/13/2025,,1.97,2.56,,,,0
7/14/2025,,1.72,4.15,,,,0.21
7/15/2025,140,1.62,5.1,212,,,0
7/16/2025,,1.54,2.35,,7.4,0,0
7/17/2025,,1.54,5.49,,,,0
7/18/2025,,2.48,4.6,,,,0
7/19/2025,,1.41,2.14,,,,0
7/20/2025,,1.4,2.19,,,,0.01
7/21/2025,,1.51,2.15,,,,0
7/22/2025,170,1.39,5.12,208,,,0
7/23/2025,,1.42,4.65,,,0,0
7/24/2025,,1.41,5.31,,,,0
7/25/2025,,1.35,2.16,,,,0
7/26/2025,,1.38,2.18,,,,0
7/27/2025,,1.38,2.13,,,,0.02
7/28/2025,,1.45,7.33,,,,0
7/29/2025,170,1.89,2.16,275,,,0
7/30/2025,,1.2,3.46,,9,0,0
7/31/2025,,1.16,4.21,,,,1.09
8/1/2025,,1.26,2.18,,,,0.07
8/2/2025,,1.2,2.19,,,,0
8/3/2025,,1.26,7.31,,,,0
8/4/2025,,1.42,7,,,,0
8/5/2025,124,1.34,6.91,236,,,0
8/6/2025,,1.16,6.78,,5.7,0,0
8/7/2025,,1.14,6.78,,,,0
8/8/2025,,0.94,7.41,,,,0
8/9/2025,,1.49,7.62,,,,0
8/10/2025,,1.18,6.98,,,,0
8/11/2025,,1.12,6.87,,,,0
8/12/2025,63,1.09,7.7,253,,,0
8/13/2025,,1.01,4.96,,12.3,0,0
8/14/2025,,1.04,4.53,,,,0.52
8/15/2025,,1.12,6.66,,,,0
8/16/2025,,1.22,6.68,,,,0
8/17/2025,,1.35,6.75,,,,0.37
8/18/2025,,1.23,6.29,,,,0
8/19/2025,134,1.4,7.6,224,,,0.02
8/20/2025,,1.34,7.48,,10.7,0.03,0.01
8/21/2025,,1.22,6.93,,,,0
8/22/2025,,1.31,6.79,,,,0
8/23/2025,,1.41,2.02,,,,0
8/24/2025,,1.37,6.58,,,,0
8/25/2025,,1.26,4.34,,,,0
8/26/2025,100,1.21,4.01,238,,,0
8/27/2025,,1.16,7.23,,11.7,3,0.03
8/28/2025,,1.46,7.52,,,,0.02
8/29/2025,,1.25,6.6,,,,0.21
8/30/2025,,1.38,7.36,,,,0
8/31/2025,,1.89,8.32,,,,0
9/1/2025,,2.02,8.22,,,,0
9/2/2025,,0.84,1.23,314,,,0
9/3/2025,,0.9,2.73,,7.4,0.6,0
9/4/2025,,0.97,2.74,,,,0.09
9/5/2025,,0.91,2.83,,,,0
9/6/2025,,0.91,7.26,,,,0.75
9/7/2025,,1.39,2.63,,,,0.84
9/8/2025,,1.22,2.59,,,,0
9/9/2025,,1.18,2.67,259,,,0
9/10/2025,,1.18,2.59,,11.7,0,0
9/11/2025,,1.22,2.48,,,,0
9/12/2025,,1.14,2.58,,,,0
9/13/2025,,1.13,2.48,,,,0
9/14/2025,,1.07,2.61,,,,0
9/15/2025,,0.95,2.62,,,,0
9/16/2025,,0.94,2.57,222,,,0
9/17/2025,,0.91,2.52,,8.8,1,0.53
9/18/2025,,1.1,2.64,,,,0
9/19/2025,,1.06,2.53,,,,0
9/20/2025,,1.09,2.61,,,,0
9/21/2025,,1.01,2.48,,,,0
9/22/2025,,1.01,2.5,,,,0
9/23/2025,,1.01,2.58,258,,,0.05
9/24/2025,,0.99,2.51,,9.7,0,0.23
9/25/2025,,1.38,2.75,,,,0.8
9/26/2025,,1.23,2.53,,,,0
9/27/2025,,1.09,2.52,,,,0.15
9/28/2025,,1.03,2.49,,,,0
9/29/2025,,0.94,2.54,,,,0
9/30/2025,,0.92,2.47,231,,,0
10/1/2025,,0.91,2.52,,6.6,5,0
10/2/2025,,0.94,2.6,,,,0
10/3/2025,,0.92,2.6,,,,0
10/4/2025,,0.96,2.51,,,,0
10/5/2025,,1.04,2.5,,,,0.8
10/6/2025,,1.04,2.51,,,,0
10/7/2025,,1.04,2.57,270,,,0
10/8/2025,,1.3,2.59,,11.1,0.6,1.07
10/9/2025,,1.16,2.47,,,,0
10/10/2025,,1.12,2.64,,,,0
10/11/2025,,1.03,2.44,,,,0
10/12/2025,,1.16,2.46,,,,1.15
10/13/2025,,2.54,4.56,,,,2.55
10/14/2025,,4.15,4.4,102,,,0.25
10/15/2025,,2.83,4.34,,3.4,0,0
10/16/2025,,2.06,2.67,,,,0
10/17/2025,,1.83,6.54,,,,0
10/18/2025,,1.74,2.45,,,,0
10/19/2025,,1.65,2.38,,,,0
10/20/2025,,2.02,4.47,,,,1
10/21/2025,,2.1,4.71,149,,,0
10/22/2025,,2.09,4.78,,5.1,0,0.3
10/23/2025,,1.9,2.38,,,,0
10/24/2025,,1.6,1.99,,,,0.01
10/25/2025,,1.46,1.98,,,,0
10/26/2025,,1.31,1.74,,,,0
10/27/2025,,1.22,1.64,,,,0.01
10/28/2025,,1.17,1.61,325,,,0
10/29/2025,,1.25,2.53,,7.5,0,0.06
10/30/2025,,1.19,4.72,,,,0.65
10/31/2025,,1.93,2.68,,,,0
11/1/2025,,1.61,2.65,,,,0
11/2/2025,,1.32,1.25,,,,0
11/3/2025,,1.32,2.62,,,,0.11
11/4/2025,204,1.28,1.81,204,,,0
11/5/2025,,1.26,2.44,,4.9,0,0.16
11/6/2025,,1.28,1.86,,,,0.01
11/7/2025,,1.29,2.24,,,,0.32
11/8/2025,,1.41,2.4,,,,0.22
11/9/2025,,1.43,2.2,,,,0.21
11/10/2025,,1.68,2.57,,,,0.66
11/11/2025,110,1.73,2.68,197,,,0
11/12/2025,,1.34,2.34,,5.1,0,0
11/13/2025,,1.31,2.69,,,,0.04
11/14/2025,,1.21,2.4,,,,0
11/15/2025,,1.22,2.42,,,,0.48
11/16/2025,,1.64,2.39,,,,0.04
11/17/2025,,1.39,2.44,,,,0
11/18/2025,116,1.19,2.45,331,,,0
11/19/2025,,1.31,4.25,,2.6,0,0
11/20/2025,,1.51,4.45,,,,0
11/21/2025,,1.51,2.7,,,,0.03
11/22/2025,,1.55,2.58,,,,0.07
11/23/2025,,1.56,2.28,,,,0.04
11/24/2025,,1.46,3.06,,,,0
11/25/2025,206,1.41,1.77,323,,,0.3
11/26/2025,,1.51,1.92,,7.7,0,0
11/27/2025,,1.54,2.4,,,,0
11/28/2025,,1.42,1.93,,,,0
11/29/2025,,1.37,1.98,,,,0
11/30/2025,,1.4,1.9,,,,0.24
12/1/2025,,1.37,1.83,,,,0
12/2/2025,188,1.55,2.9,310,,,1.25
12/3/2025,,2.52,4.97,,2.9,0,0
12/4/2025,,2.1,2.86,,,,0.01
12/5/2025,,1.88,2.56,,,,0
12/6/2025,,1.89,2.8,,,,0.01
12/7/2025,,1.93,2.78,,,,0
12/8/2025,,1.68,2.83,,,,0
12/9/2025,99,1.57,1.88,164,,,0
12/10/2025,,1.55,1.9,,6.4,0.2,0.14
12/11/2025,,1.51,1.85,,,,0
12/12/2025,,1.4,1.76,,,,0
12/13/2025,,1.38,1.9,,,,0.1
12/14/2025,,1.41,2.48,,,,0.35
12/15/2025,,1.41,1.89,,,,0
12/16/2025,204,1.33,1.75,188,,,0
12/17/2025,,1.33,1.82,,2.7,0,0
12/18/2025,,1.34,2.11,,,,0.02
12/19/2025,,1.61,2.9,,,,0.6
12/20/2025,,1.63,2.16,,,,0
12/21/2025,,1.57,2.2,,,,0
12/22/2025,,1.47,1.97,,,,0
12/23/2025,98,1.47,1.87,135,,,0.49
12/24/2025,,1.69,2.47,,3.1,0,1.06
12/25/2025,,1.68,2.29,,,,0
12/26/2025,,1.64,2.12,,,,0.35
12/27/2025,,1.66,2.09,,,,0
12/28/2025,,1.6,2.17,,,,0.32
12/29/2025,,1.89,2.63,,,,0.39
12/30/2025,60,1.96,2.49,136,,,0
12/31/2025,,1.73,2.22,,3.7,0,0.07
1/1/2026,,1.79,2.47,,,,0.15
1/2/2026,,1.68,2.28,,,,0
1/3/2026,,1.65,2.4,,,,0
1/4/2026,,1.75,2.68,,,,0.04
1/5/2026,,1.68,2.24,,,,0.07
1/6/2026,136,1.66,2.84,156,,,0.23
1/7/2026,,1.77,2.34,,8.2,0,0.25
1/8/2026,,1.63,1.93,,,,0
1/9/2026,,1.52,2.02,,,,0.07
1/10/2026,,1.52,1.93,,,,1.31
1/11/2026,,1.84,2.56,,,,0
1/12/2026,,1.61,1.94,,,,0
1/13/2026,98,1.53,1.88,121,,,0
1/14/2026,,1.52,2,,2.9,0,0.04
1/15/2026,,1.56,2.57,,,,0
1/16/2026,,1.53,2.1,,,,0
1/17/2026,,1.43,1.99,,,,0.03
1/18/2026,,1.46,2.31,,,,0.5
1/19/2026,,1.63,2.83,,,,0.11
1/20/2026,97,1.55,2,181,,,0
1/21/2026,,1.42,1.77,,3.3,0,0.2
1/22/2026,,1.47,1.87,,,,0
1/23/2026,,1.19,4.36,,,,0
1/24/2026,,1.5,1.97,,,,0
1/25/2026,,1.47,1.93,,,,0.52
1/26/2026,,1.62,2.12,,,,0.42
1/27/2026,75,1.6,1.99,77,,,0.01
1/28/2026,,1.48,1.91,,4.1,0,0
1/29/2026,,1.46,4.37,,,,0
1/30/2026,,1.43,1.87,,,,0
1/31/2026,,1.42,2.06,,,,0
2/1/2026,,1.54,2.43,,,,0.03
2/2/2026,,1.59,4.07,,,,0
2/3/2026,123,1.53,2.03,103,,,0
2/4/2026,,1.5,1.86,,11,0,0
2/5/2026,,1.46,1.91,,,,0
2/6/2026,,1.45,2.37,,,,0.13
2/7/2026,,1.55,1.98,,,,0
2/8/2026,,1.59,2.09,,,,0
2/9/2026,,1.4,5.03,,,,0
2/10/2026,100,1.31,1.74,83,,,0.21
2/11/2026,,1.32,1.74,,6.8,0,0.02
2/12/2026,,1.33,2.76,,,,0
2/13/2026,,1.3,1.72,,,,0
2/14/2026,,1.33,2.37,,,,0
2/15/2026,,1.32,1.95,,,,0
2/16/2026,,1.35,1.99,,,,0
2/17/2026,,1.35,1.98,154,,,0
2/18/2026,170,1.4,1.89,,7.1,0,0.12
2/19/2026,,1.43,2.07,,,,0
2/20/2026,,1.46,1.8,,,,0.75
2/21/2026,,1.67,2.22,,,,0
2/22/2026,,1.63,2.06,,,,0.02
2/23/2026,,2.22,4.56,,,,1.2
2/24/2026,,2.06,5.71,,,,0
2/25/2026,171,1.64,2.02,250,10.9,0,0.11
2/26/2026,,1.46,2,,,,0
2/27/2026,,1.28,1.74,,,,0
2/28/2026,,1.36,1.9,,,,0
3/1/2026,,1.57,2.43,,,,40
3/2/2026,,1.4,1.88,,,,0
3/3/2026,166,1,2,192,,,1.63
3/4/2026,,2.32,2.71,,3.1,0,0
3/5/2026,,2.32,3.1,,,,0.84
3/6/2026,,3.86,4.91,,,,0.03
3/7/2026,,3.93,4.94,,,,0.05
3/8/2026,,4.77,4.16,,,,0.06
3/9/2026,,3.84,4.54,,,,0
3/10/2026,87,3.19,5.85,283,,,0
3/11/2026,,2.76,2.66,,2.5,1,0.35
3/12/2026,,2.75,2.75,,,,0.15
3/13/2026,,2.33,2.77,,,,0.07
3/14/2026,,2.16,2.65,,,,0
3/15/2026,,1.98,2.44,,,,0.1
3/16/2026,,2.44,3.08,,,,0.7
3/17/2026,33,3.35,5.1,108,,,0
3/18/2026,,2.55,2.77,,2.1,0,0
3/19/2026,,2.35,2.77,,,,0
3/20/2026,,2.21,2.49,,,,0.23
3/21/2026,,2.23,2.67,,,,0
3/22/2026,,2.22,2.6,,,,1.09
3/23/2026,,3.14,3,,,,0.13
3/24/2026,40,3.05,4.81,108,,,0
3/25/2026,,2.42,2.75,,4.5,0,0
3/26/2026,,2.24,2.7,,,,0.16
3/27/2026,,2.12,2.53,,,,0
3/28/2026,,1.49,2.46,,,,0
3/29/2026,,1.91,2.43,,,,0
3/30/2026,,1.8,4.32,,,,0
3/31/2026,116,1.77,4.21,143,,,0.14
4/1/2026,,1.77,2.05,,3.6,0,0.25
4/2/2026,,1.94,2.35,,,,0.18
4/3/2026,,1.95,2.35,,,,0
4/4/2026,,1.85,2.21,,,,0
4/5/2026,,1.94,2.43,,,,0.58
4/6/2026,,1.82,2.21,,,,0
4/7/2026,142,1.66,2,205,,,0.21
4/8/2026,,1.59,1.96,,3.2,0.2,0
4/9/2026,,1.52,2.76,,,,0
4/10/2026,,1.53,1.92,,,,0
4/11/2026,,1.6,2.01,,,,0
4/12/2026,,1.54,1.98,,,,0.06
4/13/2026,,1.46,1.84,,,,0
4/14/2026,378,1.47,1.9,347,,,0.07
4/15/2026,,1.58,1.99,,3.1,0.2,0.35
4/16/2026,,1.74,2.13,,,,0
4/17/2026,,1.79,2.21,,,,0.09
4/18/2026,,1.85,2.36,,,,0.12
4/19/2026,,2.01,2.47,,,,0.22
4/20/2026,,1.87,5.32,,,,0.03
4/21/2026,83,1.67,4.86,160,,,0
4/22/2026,,1.66,4.29,,10.2,0,0.07
4/23/2026,,1.65,2.06,,,,0
4/24/2026,,1.65,2.07,,,,0
4/25/2026,,1.62,2.11,,,,0
4/26/2026,,1.62,2.18,,,,0
4/27/2026,,1.55,2,,,,0
4/28/2026,226,1.54,4.21,201,,,0
4/29/2026,,1.65,2.06,,7.7,0.1,0.07
4/30/2026,,1.65,2.06,,,,0.1
5/1/2026,,1.65,2,,,,0.02
5/2/2026,,1.61,2.04,,,,0
5/3/2026,,1.61,2.03,,,,0
5/4/2026,,1.48,1.87,,,,0
5/5/2026,150,1,2.1,240,,,0.01
5/6/2026,,1.41,1.68,,10.4,0.1,0.6
5/7/2026,,1.45,1.85,,,,0
5/8/2026,,1.41,1.82,,,,0
5/9/2026,,1.41,2.18,,,,0
5/10/2026,,1.47,2.03,,,,0
5/11/2026,,1.37,1.85,,,,0
5/12/2026,75,1.35,1.84,223,,,0
5/13/2026,,1.35,1.76,,3.9,0.3,0.07
5/14/2026,,1.46,2.1,,,,0.3
5/15/2026,,1.6,2.11,,,,0
5/16/2026,,1.63,2.08,,,,0.05
5/17/2026,,1.67,2.12,,,,0
5/18/2026,,1.63,1.98,,,,0
5/19/2026,178,1.64,1.9,163,,,0.25
5/20/2026,,1.63,1.92,,13.9,0,0.02
5/21/2026,,1.58,1.94,,,,0
5/22/2026,,1.5,1.93,,,,0
5/23/2026,,1.49,1.93,,,,0
5/24/2026,,1.54,2.03,,,,0.46
5/25/2026,,1.61,2.22,,,,0.1
5/26/2026,81,1.5,1.96,268,,,0
5/27/2026,,1.49,1.93,,6,0.3,0.04
5/28/2026,,1.51,1.97,,,,0.06
5/29/2026,,1.52,1.86,,,,0.16
5/30/2026,,1.81,2.7,,,,0.54
5/31/2026,,1.76,2.21,,,,0.18
6/1/2026,,1.65,1.9,,,,0
6/2/2026,126,1.55,1.9,,,,0
6/3/2026,,1.5,1.82,,12.3,0.1,0
6/4/2026,,1.48,1.87,,,,0
6/5/2026,,1.45,1.82,,,,0
6/6/2026,,1.5,1.88,,,,0.06
6/7/2026,,1.55,1.97,,,,0.06
6/8/2026,,1.44,1.86,,,,0
6/9/2026,89,1.39,1.78,,,,0
6/10/2026,,1.42,2.18,,11.9,0.3,0.09
6/11/2026,,1.5,2.16,,,,0
6/12/2026,,1.58,2.32,,,,0
6/13/2026,,1.69,2.43,,,,0
6/14/2026,,1.79,2.51,,,,0
6/15/2026,,1.81,2.62,,,,0
6/16/2026,,1.86,2.57,,,,0
6/17/2026,,1.83,2.33,,15.5,0.2,0.05
6/18/2026,,1.84,4.87,,,,0.28
6/19/2026,,1.84,2.21,,,,0
6/20/2026,,1.71,2.11,,,,0
6/21/2026,,1.65,2.15,,,,0.1
6/22/2026,,1.55,2.05,,,,0.56
6/23/2026,,1.53,1.96,,,,0.35
6/24/2026,,1.49,2.59,,7.19,1,0.1
6/25/2026,,1.58,2.61,,,,0
6/26/2026,,1.47,1.88,,,,0.16
6/27/2026,,1.54,1.91,,,,0
6/28/2026,,1.54,2.03,,,,0
6/29/2026,,1.49,1.85,,,,
6/30/2026,318,1.76,2.21,,,,
7/1/2026,,1.49,1.82,,6,2,0.03
7/2/2026,,1.51,1.8,,,,0
7/3/2026,,1.58,2.29,,,,0
7/4/2026,,1.72,2.29,,,,0
7/5/2026,,1.68,2.16,,,,0
7/6/2026,,1.48,1.9,,,,0.06
7/7/2026,123,1.83,2.88,433,,,1.61
7/8/2026,,2.01,2.4,,,0.2,0
7/9/2026,,1.78,2.37,,5.8,,0
7/10/2026,,1.76,2.43,,,,0.03
7/11/2026,,1.75,2.58,,,,0
7/12/2026,,1.79,2.52,,,,0
7/13/2026,,1.73,2.55,,,,0
7/14/2026,,1.75,2.43,80,,,0
7/15/2026,,1.81,2.39,,,,0
7/16/2026,,1.88,2.4,,,,0
7/17/2026,,1.81,2.21,,,,0
7/18/2026,,1.78,2.31,,,,0
7/19/2026,,1.76,2.19,,,,0.09
7/20/2026,,1.6,2.02,,,,0
7/21/2026,,1.63,2.58,233,,,0.87
7/22/2026,,1.78,2.73,,8.3,0,0.68
7/23/2026,,1.69,2.17,,,,0
7/24/2026,,1.64,2.48,,,,0
7/25/2026,,1.58,2.01,,,,0
7/26/2026,,1.6,2.09,,,,0
7/27/2026,,,,,,,
